--tạo database
create database QLYNHASACH

go
--sử dụng database
use QLYNHASACH
go
--tạo các bảng
create table LOAISACH
(
	MALOAISACH int PRIMARY KEY,
	LOAISACH nvarchar(MAX)
)

create table NHANVIEN
(
	MANV varchar(9) PRIMARY KEY,
	USERNAME varchar(MAX),
	MATKHAU varchar(MAX),
	HOTEN nvarchar(50),
	SDT char(10),
	DIACHI nvarchar(MAX),
	LaAdmin bit
)

create table SACH
(
	MASACH varchar(5) PRIMARY KEY,
	MALOAISACH int,
	TENSACH nvarchar(MAX),
	TENTACGIA nvarchar(MAX),
	NHAXUATBAN nvarchar(MAX),
	GIATIEN decimal(19,3),
	SLTK int,
	ANH nvarchar(MAX)
)

create table HOADONBAN
(
	MAHD varchar(14),
	MANV varchar(9),
	THOIGIAN datetime,
	TONGTIEN decimal(19,3),
	TRANGTHAI bit

	constraint PK_HOADONBAN primary key (MAHD)
)

create table CHITIET_HOADONBAN
(
	Id int IDENTITY(1, 1) PRIMARY KEY,
	MAHD varchar(14),
	MASACH varchar(5),
	SL int,
	GIATIEN decimal(19,3),

	--constraint PK_CHITIET_HOADONBAN primary key (MAHD, MASACH)
)

create table HOADONNHAP
(
	MAHD varchar(14),
	MANV varchar(9),
	THOIGIAN datetime,
	TONGTIEN decimal(19,3),
	TRANGTHAI bit

	constraint PK_HOADONNHAP primary key (MAHD)
)

create table CHITIET_HOADONNHAP
(
	Id int IDENTITY(1, 1) PRIMARY KEY,
	MAHD varchar(14),
	MASACH varchar(5),
	SL int,
	GIATIEN decimal(19,3),

	--constraint PK_CHITIET_HOADONNHAP primary key (MAHD, MASACH)
)

set dateformat dmy

--tạo khoá ngoại

--dữ liệu mẫu
/*ALTER TABLE DEAN
ADD CONSTRAINT FK_DEAN_PHONGBAN
FOREIGN KEY (PHONG)
REFERENCES PHONGBAN(MAPHG)*/

ALTER TABLE SACH
ADD CONSTRAINT  FK_SACH_LOAISACH
FOREIGN KEY (MALOAISACH)
REFERENCES LOAISACH(MALOAISACH)

ALTER TABLE CHITIET_HOADONBAN
ADD CONSTRAINT FK_CHITIET_HOADONBAN_SACH
FOREIGN KEY (MASACH)
REFERENCES SACH(MASACH)

ALTER TABLE CHITIET_HOADONNHAP
ADD CONSTRAINT FK_CHITIET_HOADONNHAP_SACH
FOREIGN KEY (MASACH)
REFERENCES SACH(MASACH)

ALTER TABLE CHITIET_HOADONBAN
ADD CONSTRAINT FK_CHITIET_HOADONBAN_HOADONBAN
FOREIGN KEY (MAHD)
REFERENCES HOADONBAN(MAHD)

ALTER TABLE CHITIET_HOADONNHAP
ADD CONSTRAINT FK_CHITIET_HOADONNHAP_HOADONNHAP
FOREIGN KEY (MAHD)
REFERENCES HOADONNHAP(MAHD)

ALTER TABLE HOADONBAN
ADD CONSTRAINT FK_HOADONBAN_NHANVIEN
FOREIGN KEY (MANV)
REFERENCES NHANVIEN(MANV)

ALTER TABLE HOADONNHAP
ADD CONSTRAINT FK_HOADONNHAP_NHANVIEN
FOREIGN KEY (MANV)
REFERENCES NHANVIEN(MANV)

--nạp dữ liệu nhân viên

insert into NHANVIEN (MANV, USERNAME, MATKHAU, HOTEN, SDT, DIACHI, LaAdmin) values (1, 'long253', '123456a@', N'Âu Dương Hoàng Long', '0896677912' , 'TP HCM', 1)
insert into NHANVIEN (MANV, USERNAME, MATKHAU, HOTEN, SDT, DIACHI, LaAdmin) values (2, 'tu299',	'123456', N'Lê Thanh Tú', '0586215155', 'TP HCM', 0)
insert into NHANVIEN (MANV, USERNAME, MATKHAU, HOTEN, SDT, DIACHI, LaAdmin) values (3, 'thanh287', '123456', N'Lê Chí Thành', '0994914930', 'TP HCM', 0)
insert into NHANVIEN (MANV, USERNAME, MATKHAU, HOTEN, SDT, DIACHI, LaAdmin) values (4, 'wqeqeqa', 'qewe', 'qweqw', '12313', 'qwewqe', 0)
go

--nạp dữ liệu loại sách

insert into LOAISACH (MALOAISACH, LOAISACH) values (1, N'Sách giáo khoa')
insert into LOAISACH (MALOAISACH, LOAISACH) values (2, 	N'Sách tâm lý')
insert into LOAISACH (MALOAISACH, LOAISACH) values (3, N'Tiểu thuyết')
insert into LOAISACH (MALOAISACH, LOAISACH) values (4, N'Truyện tranh')
insert into LOAISACH (MALOAISACH, LOAISACH) values (5, N'Sách thiếu nhi')
insert into LOAISACH (MALOAISACH, LOAISACH) values (6, N'Light novel')
insert into LOAISACH (MALOAISACH, LOAISACH) values (7, N'abc')

go

--nạp dữ liệu sách

insert into SACH (MASACH, MALOAISACH, TENSACH, TENTACGIA, NHAXUATBAN, GIATIEN, SLTK, ANH) values ('101', 1, N'Toán 6 tập 1', N'Nhiều tác giả', N'NXB Giáo dục Việt Nam', '6.400', 5, 'toan61.jpg')
insert into SACH (MASACH, MALOAISACH, TENSACH, TENTACGIA, NHAXUATBAN, GIATIEN, SLTK, ANH) values ('102', 1, N'Toán 6 tập 2', N'Nhiều tác giả', N'NXB Giáo dục Việt Nam', '5.000', 5, 'toan62.jpg')
insert into SACH (MASACH, MALOAISACH, TENSACH, TENTACGIA, NHAXUATBAN, GIATIEN, SLTK, ANH) values ('103', 1, N'Ngữ văn 6 tập 1', N'Nhiều tác giả', N'NXB Giáo dục Việt Nam','8.500', 5,'nv61.jpg')
insert into SACH (MASACH, MALOAISACH, TENSACH, TENTACGIA, NHAXUATBAN, GIATIEN, SLTK, ANH) values ('104', 1, N'Ngữ văn 6 tập 2', N'Nhiều tác giả', N'NXB Giáo dục Việt Nam','8.500', 5,'nv62.jpg')
insert into SACH (MASACH, MALOAISACH, TENSACH, TENTACGIA, NHAXUATBAN, GIATIEN, SLTK, ANH) values ('105', 1, N'Vật lí 6', N'Nhiều tác giả', N'NXB Giáo dục Việt Nam', '6.000', 5,'l6.jpg')
insert into SACH (MASACH, MALOAISACH, TENSACH, TENTACGIA, NHAXUATBAN, GIATIEN, SLTK, ANH) values ('106', 1, N'Tiếng anh 6', N'Nhiều tác giả', N'NXB Giáo dục Việt Nam', '12.000',5,'av6.jpg')
insert into SACH (MASACH, MALOAISACH, TENSACH, TENTACGIA, NHAXUATBAN, GIATIEN, SLTK, ANH) values ('107', 1, N'Toán 7 tập 1', N'Nhiều tác giả', N'NXB Giáo dục Việt Nam','4.500',5,'t71.jpg')
insert into SACH (MASACH, MALOAISACH, TENSACH, TENTACGIA, NHAXUATBAN, GIATIEN, SLTK, ANH) values ('108', 1, N'Toán 7 tập 2', N'Nhiều tác giả', N'NXB Giáo dục Việt Nam','5.400',5,'t72.jpg')
insert into SACH (MASACH, MALOAISACH, TENSACH, TENTACGIA, NHAXUATBAN, GIATIEN, SLTK, ANH) values ('109', 1, N'Ngữ văn 7 tập 1', N'Nhiều tác giả', N'NXB Giáo dục Việt Nam','8.000',5, 'nv71.jpg')
insert into SACH (MASACH, MALOAISACH, TENSACH, TENTACGIA, NHAXUATBAN, GIATIEN, SLTK, ANH) values ('110', 1, N'Ngữ văn 7 tập 2', N'Nhiều tác giả', N'NXB Giáo dục Việt Nam','9.800',5,'nv72.jpg')
insert into SACH (MASACH, MALOAISACH, TENSACH, TENTACGIA, NHAXUATBAN, GIATIEN, SLTK, ANH) values ('111', 1, N'Vật lí 7', N'Nhiều tác giả', N'NXB Giáo dục Việt Nam','6.000',5,'l7.jpg')
insert into SACH (MASACH, MALOAISACH, TENSACH, TENTACGIA, NHAXUATBAN, GIATIEN, SLTK, ANH) values ('112', 1, N'Tiếng anh 7', N'Nhiều tác giả', N'NXB Giáo dục Việt Nam','16.000',5,'av7.jpg')
insert into SACH (MASACH, MALOAISACH, TENSACH, TENTACGIA, NHAXUATBAN, GIATIEN, SLTK, ANH) values ('113', 1, N'Toán 8 tập 1', N'Nhiều tác giả', N'NXB Giáo dục Việt Nam','6.800',5,'t81.jpg')
insert into SACH (MASACH, MALOAISACH, TENSACH, TENTACGIA, NHAXUATBAN, GIATIEN, SLTK, ANH) values ('114', 1, N'Toán 8 tập 2', N'Nhiều tác giả', N'NXB Giáo dục Việt Nam','6.800',5,'t82.jpg')
insert into SACH (MASACH, MALOAISACH, TENSACH, TENTACGIA, NHAXUATBAN, GIATIEN, SLTK, ANH) values ('115', 1, N'Ngữ văn 8 tập 1', N'Nhiều tác giả', N'NXB Giáo dục Việt Nam','8.500',5,'nv81.jpg')
insert into SACH (MASACH, MALOAISACH, TENSACH, TENTACGIA, NHAXUATBAN, GIATIEN, SLTK, ANH) values ('116', 1, N'Ngữ văn 8 tập 2', N'Nhiều tác giả', N'NXB Giáo dục Việt Nam','7.800',5, 'nv82.jpg')
insert into SACH (MASACH, MALOAISACH, TENSACH, TENTACGIA, NHAXUATBAN, GIATIEN, SLTK, ANH) values ('117', 1,	N'Hóa học 8', N'Nhiều tác giả', N'NXB Giáo dục Việt Nam', '9.800', 5, 'h8.jpg')
insert into SACH (MASACH, MALOAISACH, TENSACH, TENTACGIA, NHAXUATBAN, GIATIEN, SLTK, ANH) values ('118', 1,	N'Vật lí 8', N'Nhiều tác giả', N'NXB Giáo dục Việt Nam', '9.000', 5, 'l8.jpg')
insert into SACH (MASACH, MALOAISACH, TENSACH, TENTACGIA, NHAXUATBAN, GIATIEN, SLTK, ANH) values ('119', 1, N'Toán 9 tập 1', N'Nhiều tác giả', N'NXB Giáo dục Việt Nam','6.500',5,'t91.jpg')
insert into SACH (MASACH, MALOAISACH, TENSACH, TENTACGIA, NHAXUATBAN, GIATIEN, SLTK, ANH) values ('120', 1, N'Toán 9 tập 2', N'Nhiều tác giả', N'NXB Giáo dục Việt Nam','6.900',5,'t92.jpg')
insert into SACH (MASACH, MALOAISACH, TENSACH, TENTACGIA, NHAXUATBAN, GIATIEN, SLTK, ANH) values ('121', 1, N'Ngữ văn 9 tập 1', N'Nhiều tác giả', N'NXB Giáo dục Việt Nam','11.000',5,'nv91.jpg')
insert into SACH (MASACH, MALOAISACH, TENSACH, TENTACGIA, NHAXUATBAN, GIATIEN, SLTK, ANH) values ('122', 1, N'Ngữ văn 9 tập 2', N'Nhiều tác giả', N'NXB Giáo dục Việt Nam','10.000',5,'nv92.jpg')
insert into SACH (MASACH, MALOAISACH, TENSACH, TENTACGIA, NHAXUATBAN, GIATIEN, SLTK, ANH) values ('123', 1, N'Hóa học 9', N'Nhiều tác giả', N'NXB Giáo dục Việt Nam','10.000',5,'h9.jpg')
insert into SACH (MASACH, MALOAISACH, TENSACH, TENTACGIA, NHAXUATBAN, GIATIEN, SLTK, ANH) values ('124', 1, N'Vật lí 9', N'Nhiều tác giả', N'NXB Giáo dục Việt Nam', N'13.000',5,'l9.jpg')
insert into SACH (MASACH, MALOAISACH, TENSACH, TENTACGIA, NHAXUATBAN, GIATIEN, SLTK, ANH) values ('201', 2, N'Thuận Cho Người Lợi Cho Mình', N'Tạ Quốc Kế', N'NXB Thanh Niên','116.000',5,'thuanchonguoiloichominh.jpg')
insert into SACH (MASACH, MALOAISACH, TENSACH, TENTACGIA, NHAXUATBAN, GIATIEN, SLTK, ANH) values ('202', 2, N'Tâm Trí Thật Phi Lý', 'Daniel Richardson', N'NXB Dân Trí','119.000',5,'tamtrithatphily.jpg')
insert into SACH (MASACH, MALOAISACH, TENSACH, TENTACGIA, NHAXUATBAN, GIATIEN, SLTK, ANH) values ('203', 2, N'Tử Huyệt Cảm Xúc', N'Roy Garn', N'NXB Hà Nội', '148.000', 5, 'tuhuyetcamxuc.jpg')
insert into SACH (MASACH, MALOAISACH, TENSACH, TENTACGIA, NHAXUATBAN, GIATIEN, SLTK, ANH) values ('204', 2, N'Anh Là Ai Tôi Là Ai', 'Carl Gustave Jung', N'NXB Phụ Nữ', '85.000', 5,'anhlaaitoilaai.jpg')
insert into SACH (MASACH, MALOAISACH, TENSACH, TENTACGIA, NHAXUATBAN, GIATIEN, SLTK, ANH) values ('205', 2, N'Hiệu Ứng Đèn Gas', 'Robin Stern', N'NXB Thanh Niên','130.000',5,'hieuungdengas.jpg')
insert into SACH (MASACH, MALOAISACH, TENSACH, TENTACGIA, NHAXUATBAN, GIATIEN, SLTK, ANH) values ('206', 2, N'Nam Nữ Bình Quyền', N'Đặng Văn Bảy', N'NXB Phụ Nữ Việt Nam', '115.000',5,'namnubinhquyen.jpg')
insert into SACH (MASACH, MALOAISACH, TENSACH, TENTACGIA, NHAXUATBAN, GIATIEN, SLTK, ANH) values ('207', 2, N'Hiểu Hết Về Tâm Lý Học', N'Nhiều tác giả', N'NXB Thế Giới','300.000',5,'hieubietvetamlyhoc.JPG')
insert into SACH (MASACH, MALOAISACH, TENSACH, TENTACGIA, NHAXUATBAN, GIATIEN, SLTK, ANH) values ('301', 3, N'Nhớ Ai Đó Đến Kiệt Quệ (Tái Bản 2019)', N'Lan Rùa', N'NXB Phụ Nữ Việt Nam','109.000',5,'nhoaidodenkietque.jpg')
insert into SACH (MASACH, MALOAISACH, TENSACH, TENTACGIA, NHAXUATBAN, GIATIEN, SLTK, ANH) values ('302', 3, N'Đi Hết Một Đời Anh Vẫn Là Của Em', N'Lan Rùa', N'NXB Dân Trí','127.000',5,'dihetmotdoianhvanlacuaem.jpg')
insert into SACH (MASACH, MALOAISACH, TENSACH, TENTACGIA, NHAXUATBAN, GIATIEN, SLTK, ANH) values ('303', 3, N'Tắt đèn (Tái bản 2020)', N'Ngô Tất Tố', N'NXB Văn Học','50.000',5,'tatden.jpg')
insert into SACH (MASACH, MALOAISACH, TENSACH, TENTACGIA, NHAXUATBAN, GIATIEN, SLTK, ANH) values ('304', 3, N'Thần Thoại Bắc Âu', 'Neil Gaiman', N'NXB Văn Học','110.000',5,'thanthoaibacau.jpg')
insert into SACH (MASACH, MALOAISACH, TENSACH, TENTACGIA, NHAXUATBAN, GIATIEN, SLTK, ANH) values ('305', 3, N'Mắt biếc', N'Nguyễn Nhật Ánh', N'NXB Trẻ','110.000',5,'matbiec.jpg')
insert into SACH (MASACH, MALOAISACH, TENSACH, TENTACGIA, NHAXUATBAN, GIATIEN, SLTK, ANH) values ('306', 3, N'Cho tôi xin một vé đi tuổi thơ (Tái bản 2018)', N'Nguyễn Nhật Ánh', N'NXB Trẻ','80.000',5,'chotoixinmotvedituoitho.jpg')
insert into SACH (MASACH, MALOAISACH, TENSACH, TENTACGIA, NHAXUATBAN, GIATIEN, SLTK, ANH) values ('307', 3, N'Cô Gái Đến Từ Hôm Qua', N'Nguyễn Nhật Ánh', N'NXB Trẻ','80.000',5,'cogaidentuhomqua.jpg')
insert into SACH (MASACH, MALOAISACH, TENSACH, TENTACGIA, NHAXUATBAN, GIATIEN, SLTK, ANH) values ('308', 3, N'Số đỏ', N'Vũ Trọng Phụng', N'NXB Trẻ', '55.000',5,'sodo.jpg')
insert into SACH (MASACH, MALOAISACH, TENSACH, TENTACGIA, NHAXUATBAN, GIATIEN, SLTK, ANH) values ('309', 3, N'Nỗi buồn chiến tranh', N'Bảo Ninh', N'NXB Trẻ','115.000',5,'noibuonchientranh.jpg')
insert into SACH (MASACH, MALOAISACH, TENSACH, TENTACGIA, NHAXUATBAN, GIATIEN, SLTK, ANH) values ('401', 4, N'Bảy viên ngọc rồng', 'Toriyama Akira', N'NXB Kim Đồng', '19.500',5,'7vnr.JPG')
insert into SACH (MASACH, MALOAISACH, TENSACH, TENTACGIA, NHAXUATBAN, GIATIEN, SLTK, ANH) values ('402', 4, 'Doraemon','Fujiko F Fujio', N'NXB Kim Đồng','18.000',5,'doremon.JPG')
insert into SACH (MASACH, MALOAISACH, TENSACH, TENTACGIA, NHAXUATBAN, GIATIEN, SLTK, ANH) values ('403', 4, N'Thám tử lừng danh Conan',' Gosho Aoyama', N'NXB Kim Đồng', '20.000', 5 ,'conan.JPG')
insert into SACH (MASACH, MALOAISACH, TENSACH, TENTACGIA, NHAXUATBAN, GIATIEN, SLTK, ANH) values ('404', 4, 'Naruto', 'Masashi Kishimoto', N'NXB Kim Đồng', '25.000',5,'naruto.JPG')
insert into SACH (MASACH, MALOAISACH, TENSACH, TENTACGIA, NHAXUATBAN, GIATIEN, SLTK, ANH) values ('405', 4, 'One Piece', 'Oda Eiichiro', N'NXB Kim Đồng', '19.500',5,'onepiece.jpg')
insert into SACH (MASACH, MALOAISACH, TENSACH, TENTACGIA, NHAXUATBAN, GIATIEN, SLTK, ANH) values ('406', 4, 'Chainsaw Man', 'Tatsuki Fujimoto', N'NXB Trẻ', '45.000',5,'chainsawman.jpg')
insert into SACH (MASACH, MALOAISACH, TENSACH, TENTACGIA, NHAXUATBAN, GIATIEN, SLTK, ANH) values ('501', 5, N'Tô màu: Bé học IQ', N'Nguyễn Như Quỳnh', N'NXB Mỹ thuật','10.000',5,'betomau.JPG')
insert into SACH (MASACH, MALOAISACH, TENSACH, TENTACGIA, NHAXUATBAN, GIATIEN, SLTK, ANH) values ('502', 5, N'Ăn khế trả vàng', N'Anh Thiên', N'NXB Văn hoá văn nghệ','16.200',5,'ankhetravang.JPG')
insert into SACH (MASACH, MALOAISACH, TENSACH, TENTACGIA, NHAXUATBAN, GIATIEN, SLTK, ANH) values ('503', 5, N'Dế mèn phiêu lưu ký', N'Tô Hoài', N'NXB Kim Đồng','50.000',5,'demen.JPG')
insert into SACH (MASACH, MALOAISACH, TENSACH, TENTACGIA, NHAXUATBAN, GIATIEN, SLTK, ANH) values ('504', 5, N'Chú Bé Mang Pyjama Sọc', 'John Boyne', N'Nhã Nam','68.000',5,'chubepijama.jpg')
insert into SACH (MASACH, MALOAISACH, TENSACH, TENTACGIA, NHAXUATBAN, GIATIEN, SLTK, ANH) values ('505', 5, N'Siêu Nhí Biết Tuốt', N'Jackie Nguyễn', N'NXB Hà Nội','250.000',5,'sieunhi.jpg')
insert into SACH (MASACH, MALOAISACH, TENSACH, TENTACGIA, NHAXUATBAN, GIATIEN, SLTK, ANH) values ('601', 6, N'Chào mừng đến với lớp học đề cao thực lực', N'Kinugasa Syougo/Tomoseshunsaku', N'NXB Hà Nội','120.000',50,'cote.jpg')
insert into SACH (MASACH, MALOAISACH, TENSACH, TENTACGIA, NHAXUATBAN, GIATIEN, SLTK, ANH) values ('602', 6, N'Thiên sứ nhà bên', N'Saekisan', N'NXB Kim Đồng','90.000',5,'thiensunhaben.jpg')
insert into SACH (MASACH, MALOAISACH, TENSACH, TENTACGIA, NHAXUATBAN, GIATIEN, SLTK, ANH) values ('603', 6, N'5cm/s', N'Shinkai Makoto', N'NXB Hồng Đức','50.000',5,'5cms.jpg')

go

--nạp dữ liệu hoá đơn bán
 
insert into HOADONBAN (MAHD, MANV, THOIGIAN, TONGTIEN, TRANGTHAI) values (20190610102345,3,'10/06/2019',113.400, 1)
insert into HOADONBAN (MAHD, MANV, THOIGIAN, TONGTIEN, TRANGTHAI) values (20190610094516,3,'10/06/2019',95.300, 1)
insert into HOADONBAN (MAHD, MANV, THOIGIAN, TONGTIEN, TRANGTHAI) values (20190611110023,3,'11/06/2019',637.000, 1)
insert into HOADONBAN (MAHD, MANV, THOIGIAN, TONGTIEN, TRANGTHAI) values (20190611115545,3,'11/06/2019',643.500, 1)
insert into HOADONBAN (MAHD, MANV, THOIGIAN, TONGTIEN, TRANGTHAI) values (20190611133052,3,'11/06/2019',472.200, 1)
insert into HOADONBAN (MAHD, MANV, THOIGIAN, TONGTIEN, TRANGTHAI) values (20190612144058,3,'12/06/2019',57.400, 1)
insert into HOADONBAN (MAHD, MANV, THOIGIAN, TONGTIEN, TRANGTHAI) values (20190612114623,3,'12/06/2019',258.800, 1)
insert into HOADONBAN (MAHD, MANV, THOIGIAN, TONGTIEN, TRANGTHAI) values (20190613115124,3,'13/06/2019',413.500, 1)
insert into HOADONBAN (MAHD, MANV, THOIGIAN, TONGTIEN, TRANGTHAI) values (20190613133625,3,'13/06/2019',603.000, 1)
insert into HOADONBAN (MAHD, MANV, THOIGIAN, TONGTIEN, TRANGTHAI) values (20190613141215,3,'13/06/2019',472.600, 1)

go

--nạp dữ liệu chi tiết hoá đơn bán

insert into CHITIET_HOADONBAN (MAHD, MASACH, SL, GIATIEN) values (20190610102345,'101',1,'6.400')
insert into CHITIET_HOADONBAN (MAHD, MASACH, SL, GIATIEN) values (20190610102345,'102',1,'5.000')
insert into CHITIET_HOADONBAN (MAHD, MASACH, SL, GIATIEN) values (20190610102345,'103',1,'8.500')
insert into CHITIET_HOADONBAN (MAHD, MASACH, SL, GIATIEN) values (20190610102345,'104',1,'8.500')
insert into CHITIET_HOADONBAN (MAHD, MASACH, SL, GIATIEN) values (20190610102345,'204',1,'85.000')
insert into CHITIET_HOADONBAN (MAHD, MASACH, SL, GIATIEN) values (20190613141215,'117',1,'9.800')
insert into CHITIET_HOADONBAN (MAHD, MASACH, SL, GIATIEN) values (20190613141215,'120',2,'13.800')
insert into CHITIET_HOADONBAN (MAHD, MASACH, SL, GIATIEN) values (20190613141215,'201',1,'116.000')
insert into CHITIET_HOADONBAN (MAHD, MASACH, SL, GIATIEN) values (20190613141215,'204',2,'170.000')
insert into CHITIET_HOADONBAN (MAHD, MASACH, SL, GIATIEN) values (20190613141215,'302',1,'127.000')
insert into CHITIET_HOADONBAN (MAHD, MASACH, SL, GIATIEN) values (20190613141215,'402',2,'36.000')
insert into CHITIET_HOADONBAN (MAHD, MASACH, SL, GIATIEN) values (20190610094516,'103',2,'17.000')
insert into CHITIET_HOADONBAN (MAHD, MASACH, SL, GIATIEN) values (20190610094516,'104',2,'12.000')
insert into CHITIET_HOADONBAN (MAHD, MASACH, SL, GIATIEN) values (20190610094516,'111',1,'6.000')
insert into CHITIET_HOADONBAN (MAHD, MASACH, SL, GIATIEN) values (20190610094516,'112',2,'32.000')
insert into CHITIET_HOADONBAN (MAHD, MASACH, SL, GIATIEN) values (20190610094516,'117',1,'9.800')
insert into CHITIET_HOADONBAN (MAHD, MASACH, SL, GIATIEN) values (20190610094516,'123',1,'10.000')
insert into CHITIET_HOADONBAN (MAHD, MASACH, SL, GIATIEN) values (20190610094516,'105',2, '12.000')
insert into CHITIET_HOADONBAN (MAHD, MASACH, SL, GIATIEN) values (20190611110023,'201',2,'232.000')
insert into CHITIET_HOADONBAN (MAHD, MASACH, SL, GIATIEN) values (20190611110023,'304',1,'110.000')
insert into CHITIET_HOADONBAN (MAHD, MASACH, SL, GIATIEN) values (20190611110023,'306',1,'80.000')
insert into CHITIET_HOADONBAN (MAHD, MASACH, SL, GIATIEN) values (20190611110023,'309',1,'115.000')
insert into CHITIET_HOADONBAN (MAHD, MASACH, SL, GIATIEN) values (20190611110023,'403',5,'100.000')
insert into CHITIET_HOADONBAN (MAHD, MASACH, SL, GIATIEN) values (20190611115545,'202',1,'119.000')
insert into CHITIET_HOADONBAN (MAHD, MASACH, SL, GIATIEN) values (20190611115545,'203',1,'148.000')
insert into CHITIET_HOADONBAN (MAHD, MASACH, SL, GIATIEN) values (20190611115545,'302',1,'127.000')
insert into CHITIET_HOADONBAN (MAHD, MASACH, SL, GIATIEN) values (20190611115545,'303',3,'150.000')
insert into CHITIET_HOADONBAN (MAHD, MASACH, SL, GIATIEN) values (20190611115545,'307',1,'80.000')
insert into CHITIET_HOADONBAN (MAHD, MASACH, SL, GIATIEN) values (20190611115545,'401',1,'19.500')
insert into CHITIET_HOADONBAN (MAHD, MASACH, SL, GIATIEN) values (20190611133052,'201',1,'116.000')
insert into CHITIET_HOADONBAN (MAHD, MASACH, SL, GIATIEN) values (20190611133052,'205',1,'130.000')
insert into CHITIET_HOADONBAN (MAHD, MASACH, SL, GIATIEN) values (20190611133052,'305',1,'110.000')
insert into CHITIET_HOADONBAN (MAHD, MASACH, SL, GIATIEN) values (20190611133052,'502',1,'16.200')
insert into CHITIET_HOADONBAN (MAHD, MASACH, SL, GIATIEN) values (20190611133052,'503',2,'100.000')
insert into CHITIET_HOADONBAN (MAHD, MASACH, SL, GIATIEN) values (20190612144058,'119',1,'6.500')
insert into CHITIET_HOADONBAN (MAHD, MASACH, SL, GIATIEN) values (20190612144058,'120',1,'6.900')
insert into CHITIET_HOADONBAN (MAHD, MASACH, SL, GIATIEN) values (20190612144058,'121',1,'11.000')
insert into CHITIET_HOADONBAN (MAHD, MASACH, SL, GIATIEN) values (20190612144058,'122',1,'10.000')
insert into CHITIET_HOADONBAN (MAHD, MASACH, SL, GIATIEN) values (20190612144058,'123',1,'10.000')
insert into CHITIET_HOADONBAN (MAHD, MASACH, SL, GIATIEN) values (20190612144058,'124',1,'13.000')
insert into CHITIET_HOADONBAN (MAHD, MASACH, SL, GIATIEN) values (20190612114623,'111',3,'11.800')
insert into CHITIET_HOADONBAN (MAHD, MASACH, SL, GIATIEN) values (20190612114623,'117',1,'9.800')
insert into CHITIET_HOADONBAN (MAHD, MASACH, SL, GIATIEN) values (20190612114623,'201',1,'116.000')
insert into CHITIET_HOADONBAN (MAHD, MASACH, SL, GIATIEN) values (20190612114623,'308',1,'55.000')
insert into CHITIET_HOADONBAN (MAHD, MASACH, SL, GIATIEN) values (20190612114623,'403',3,'60.000')
insert into CHITIET_HOADONBAN (MAHD, MASACH, SL, GIATIEN) values (20190613115124,'204',1,'85.000')
insert into CHITIET_HOADONBAN (MAHD, MASACH, SL, GIATIEN) values (20190613115124,'301',1,'109.000')
insert into CHITIET_HOADONBAN (MAHD, MASACH, SL, GIATIEN) values (20190613115124,'308',2,'110.000')
insert into CHITIET_HOADONBAN (MAHD, MASACH, SL, GIATIEN) values (20190613115124,'401',1,'19.000')
insert into CHITIET_HOADONBAN (MAHD, MASACH, SL, GIATIEN) values (20190613115124,'404',2,'50.000')
insert into CHITIET_HOADONBAN (MAHD, MASACH, SL, GIATIEN) values (20190613115124,'501',4,'40.000')
insert into CHITIET_HOADONBAN (MAHD, MASACH, SL, GIATIEN) values (20190613133625,'203',1,'148.000')
insert into CHITIET_HOADONBAN (MAHD, MASACH, SL, GIATIEN) values (20190613133625,'204',1,'85.000')
insert into CHITIET_HOADONBAN (MAHD, MASACH, SL, GIATIEN) values (20190613133625,'303',2,'100.000')
insert into CHITIET_HOADONBAN (MAHD, MASACH, SL, GIATIEN) values (20190613133625,'304',1,'110.000')
insert into CHITIET_HOADONBAN (MAHD, MASACH, SL, GIATIEN) values (20190613133625,'307',2,'160.000')


go

--nạp dữ liệu hoá đơn nhập

insert into HOADONNHAP (MAHD, MANV, THOIGIAN, TONGTIEN, TRANGTHAI) values (20190605084751,2,'05/06/2019',880.000, 1)
insert into HOADONNHAP (MAHD, MANV, THOIGIAN, TONGTIEN, TRANGTHAI) values (20190605085000,2,'05/06/2019',9220.000, 1)
insert into HOADONNHAP (MAHD, MANV, THOIGIAN, TONGTIEN, TRANGTHAI) values (20190606092323,2,'06/06/2019',15620.000, 1)
insert into HOADONNHAP (MAHD, MANV, THOIGIAN, TONGTIEN, TRANGTHAI) values (20190607100525,2,'07/06/2019',7884.000, 1)
insert into HOADONNHAP (MAHD, MANV, THOIGIAN, TONGTIEN, TRANGTHAI) values (20190607134857,2,'07/06/2019',14000.000, 1)
insert into HOADONNHAP (MAHD, MANV, THOIGIAN, TONGTIEN, TRANGTHAI) values (20190607141352,2,'07/06/2019',2106.000, 1)
insert into HOADONNHAP (MAHD, MANV, THOIGIAN, TONGTIEN, TRANGTHAI) values (20190608144942,2,'08/06/2019',986.000, 1)
insert into HOADONNHAP (MAHD, MANV, THOIGIAN, TONGTIEN, TRANGTHAI) values (20190609165952,2,'09/06/2019',10380.000, 1)
insert into HOADONNHAP (MAHD, MANV, THOIGIAN, TONGTIEN, TRANGTHAI) values (20190609190242,2,'09/06/2019',2040.000, 1)
insert into HOADONNHAP (MAHD, MANV, THOIGIAN, TONGTIEN, TRANGTHAI) values (20190609193812,2,'09/06/2019',866.000, 1)

go

--nạp dữ liệu chi tiết hoá đơn nhập

insert into CHITIET_HOADONNHAP (MAHD, MASACH, SL, GIATIEN) values (20190605084751,'105',40,'120.000')
insert into CHITIET_HOADONNHAP (MAHD, MASACH, SL, GIATIEN) values (20190605084751,'111',40,'120.000')
insert into CHITIET_HOADONNHAP (MAHD, MASACH, SL, GIATIEN) values (20190605084751,'118',40,'180.000')
insert into CHITIET_HOADONNHAP (MAHD, MASACH, SL, GIATIEN) values (20190605084751,'123',40,'200.000')
insert into CHITIET_HOADONNHAP (MAHD, MASACH, SL, GIATIEN) values (20190605084751,'124',40,'260.000')
insert into CHITIET_HOADONNHAP (MAHD, MASACH, SL, GIATIEN) values (20190605084751,'107',40,'90.000')
insert into CHITIET_HOADONNHAP (MAHD, MASACH, SL, GIATIEN) values (20190605084751,'108',40,'100.000')
insert into CHITIET_HOADONNHAP (MAHD, MASACH, SL, GIATIEN) values (20190605084751,'109',40,'160.000')
insert into CHITIET_HOADONNHAP (MAHD, MASACH, SL, GIATIEN) values (20190605084751,'110',40,'196.000')
insert into CHITIET_HOADONNHAP (MAHD, MASACH, SL, GIATIEN) values (20190605084751,'112',40,'320.000')
insert into CHITIET_HOADONNHAP (MAHD, MASACH, SL, GIATIEN) values (20190605085000,'201',40,'2320.000')
insert into CHITIET_HOADONNHAP (MAHD, MASACH, SL, GIATIEN) values (20190605085000,'205',40,'2600.000')
insert into CHITIET_HOADONNHAP (MAHD, MASACH, SL, GIATIEN) values (20190605085000,'305',40,'2200.000')
insert into CHITIET_HOADONNHAP (MAHD, MASACH, SL, GIATIEN) values (20190605085000,'308',40,'1100.000')
insert into CHITIET_HOADONNHAP (MAHD, MASACH, SL, GIATIEN) values (20190605085000,'503',40,'10000.000')
insert into CHITIET_HOADONNHAP (MAHD, MASACH, SL, GIATIEN) values (20190606092323,'205',40,'2600.000')
insert into CHITIET_HOADONNHAP (MAHD, MASACH, SL, GIATIEN) values (20190606092323,'206',40,'2300.000')
insert into CHITIET_HOADONNHAP (MAHD, MASACH, SL, GIATIEN) values (20190606092323,'207',40,'6000.000')
insert into CHITIET_HOADONNHAP (MAHD, MASACH, SL, GIATIEN) values (20190606092323,'301',40,'2180.000')
insert into CHITIET_HOADONNHAP (MAHD, MASACH, SL, GIATIEN) values (20190606092323,'302',40,'2540.000')
insert into CHITIET_HOADONNHAP (MAHD, MASACH, SL, GIATIEN) values (20190607100525,'501',40,'200.000')
insert into CHITIET_HOADONNHAP (MAHD, MASACH, SL, GIATIEN) values (20190607100525,'502',40,'324.000')
insert into CHITIET_HOADONNHAP (MAHD, MASACH, SL, GIATIEN) values (20190607100525,'503',40,'1000.000')
insert into CHITIET_HOADONNHAP (MAHD, MASACH, SL, GIATIEN) values (20190607100525,'504',40,'1360.000')
insert into CHITIET_HOADONNHAP (MAHD, MASACH, SL, GIATIEN) values (20190607100525,'505',40,'5000.000')
insert into CHITIET_HOADONNHAP (MAHD, MASACH, SL, GIATIEN) values (20190607134857,'205',40,'2600.000')
insert into CHITIET_HOADONNHAP (MAHD, MASACH, SL, GIATIEN) values (20190607134857,'207',40,'6000.000')
insert into CHITIET_HOADONNHAP (MAHD, MASACH, SL, GIATIEN) values (20190607134857,'303',40,'1000.000')
insert into CHITIET_HOADONNHAP (MAHD, MASACH, SL, GIATIEN) values (20190607134857,'304',40,'2200.000')
insert into CHITIET_HOADONNHAP (MAHD, MASACH, SL, GIATIEN) values (20190607134857,'305',40,'2200.000')
insert into CHITIET_HOADONNHAP (MAHD, MASACH, SL, GIATIEN) values (20190607141352,'117',40,'196.000')
insert into CHITIET_HOADONNHAP (MAHD, MASACH, SL, GIATIEN) values (20190607141352,'118',40,'180.000')
insert into CHITIET_HOADONNHAP (MAHD, MASACH, SL, GIATIEN) values (20190607141352,'119',40,'130.000')
insert into CHITIET_HOADONNHAP (MAHD, MASACH, SL, GIATIEN) values (20190607141352,'120',40,'1380.000')
insert into CHITIET_HOADONNHAP (MAHD, MASACH, SL, GIATIEN) values (20190607141352,'121',40,'220.000')
insert into CHITIET_HOADONNHAP (MAHD, MASACH, SL, GIATIEN) values (20190608144942,'115',40,'170.000')
insert into CHITIET_HOADONNHAP (MAHD, MASACH, SL, GIATIEN) values (20190608144942,'116',40,'156.000')
insert into CHITIET_HOADONNHAP (MAHD, MASACH, SL, GIATIEN) values (20190608144942,'122',40,'200.000')
insert into CHITIET_HOADONNHAP (MAHD, MASACH, SL, GIATIEN) values (20190608144942,'123',40,'200.000')
insert into CHITIET_HOADONNHAP (MAHD, MASACH, SL, GIATIEN) values (20190608144942,'124',40,'260.000')
insert into CHITIET_HOADONNHAP (MAHD, MASACH, SL, GIATIEN) values (20190609165952,'201',40,'2320.000')
insert into CHITIET_HOADONNHAP (MAHD, MASACH, SL, GIATIEN) values (20190609165952,'203',40,'2960.000')
insert into CHITIET_HOADONNHAP (MAHD, MASACH, SL, GIATIEN) values (20190609165952,'204',40,'1700.000')
insert into CHITIET_HOADONNHAP (MAHD, MASACH, SL, GIATIEN) values (20190609165952,'308',40,'1100.000')
insert into CHITIET_HOADONNHAP (MAHD, MASACH, SL, GIATIEN) values (20190609165952,'309',40,'2300.000')
insert into CHITIET_HOADONNHAP (MAHD, MASACH, SL, GIATIEN) values (20190609190242,'401',40,'390.000')
insert into CHITIET_HOADONNHAP (MAHD, MASACH, SL, GIATIEN) values (20190609190242,'402',40,'360.000')
insert into CHITIET_HOADONNHAP (MAHD, MASACH, SL, GIATIEN) values (20190609190242,'403',40,'400.000')
insert into CHITIET_HOADONNHAP (MAHD, MASACH, SL, GIATIEN) values (20190609190242,'404',40,'500.000')
insert into CHITIET_HOADONNHAP (MAHD, MASACH, SL, GIATIEN) values (20190609190242,'405',40,'390.000')
insert into CHITIET_HOADONNHAP (MAHD, MASACH, SL, GIATIEN) values (20190609193812, '107', 40, '90.000')
insert into CHITIET_HOADONNHAP (MAHD, MASACH, SL, GIATIEN) values (20190609193812, '108', 40, '100.000')
insert into CHITIET_HOADONNHAP (MAHD, MASACH, SL, GIATIEN) values (20190609193812, '109', 40, '160.000')
insert into CHITIET_HOADONNHAP (MAHD, MASACH, SL, GIATIEN) values (20190609193812, '110', 40, '196.000')
insert into CHITIET_HOADONNHAP (MAHD, MASACH, SL, GIATIEN) values (20190609193812, '112', 40, '320.000')

